subreddit,EDM,classicalmusic,country,folk,funk,gamemusic,hiphop,jpop,kpop,popheads,rock,trap
EDM,0.9999999999999999,0.0,0.15811388300841894,0.4472135954999579,0.3198010745334156,0.47434164902525683,0.4008918628686365,0.294174202707276,0.1178511301977579,0.11180339887498948,0.22360679774997896,0.24999999999999994
classicalmusic,0.0,1.0,0.0,0.0,0.0,0.0,0.0,0.0,0.0,0.0,0.0,0.0
country,0.15811388300841894,0.0,0.9999999999999999,0.4242640687119285,0.0,0.0,0.0,0.12403473458920845,0.0,0.1414213562373095,0.0,0.0
folk,0.4472135954999579,0.0,0.4242640687119285,0.9999999999999999,0.2860387767736777,0.282842712474619,0.35856858280031806,0.2631174057921088,0.10540925533894598,0.2,0.2,0.11180339887498948
funk,0.3198010745334156,0.0,0.0,0.2860387767736777,1.0000000000000002,0.26967994498529685,0.45584230583855173,0.25087260300212727,0.0,0.09534625892455924,0.19069251784911848,0.10660035817780521
gamemusic,0.47434164902525683,0.0,0.0,0.282842712474619,0.26967994498529685,0.9999999999999999,0.3380617018914066,0.2480694691784169,0.0,0.0,0.282842712474619,0.3162277660168379
hiphop,0.4008918628686365,0.0,0.0,0.35856858280031806,0.45584230583855173,0.3380617018914066,0.9999999999999997,0.3144854510165755,0.0,0.11952286093343936,0.35856858280031806,0.13363062095621217
jpop,0.294174202707276,0.0,0.12403473458920845,0.2631174057921088,0.25087260300212727,0.2480694691784169,0.3144854510165755,1.0000000000000004,0.2773500981126146,0.17541160386140586,0.17541160386140586,0.09805806756909201
kpop,0.1178511301977579,0.0,0.0,0.10540925533894598,0.0,0.0,0.0,0.2773500981126146,0.9999999999999997,0.10540925533894598,0.0,0.1178511301977579
popheads,0.11180339887498948,0.0,0.1414213562373095,0.2,0.09534625892455924,0.0,0.11952286093343936,0.17541160386140586,0.10540925533894598,0.9999999999999999,0.0,0.0
rock,0.22360679774997896,0.0,0.0,0.2,0.19069251784911848,0.282842712474619,0.35856858280031806,0.17541160386140586,0.0,0.0,0.9999999999999999,0.11180339887498948
trap,0.24999999999999994,0.0,0.0,0.11180339887498948,0.10660035817780521,0.3162277660168379,0.13363062095621217,0.09805806756909201,0.1178511301977579,0.0,0.11180339887498948,0.9999999999999999
